{
  "config": {
    "run_name": "exp1_1",
    "out_dir": "./results",
    "seed": 708914219,
    "device": null,
    "bs_train": 128,
    "bs_test": 32,
    "batches": 100,
    "epochs": 100,
    "early_stopping": 3,
    "checkpoints": null,
    "lr": 0.001,
    "reg": 0.001,
    "filters_per_layer": [
      64
    ],
    "pool_every": 1,
    "hidden_dims": [
      100
    ],
    "model_type": "cnn",
    "kw": {},
    "layers_per_block": 2
  },
  "results": {
    "num_epochs": 13,
    "train_loss": [
      1.5548199037151873,
      1.1922629829257956,
      1.0394708511164732,
      0.9393504748259054,
      0.8655497643648816,
      0.8051320233613329,
      0.7569115704587658,
      0.7125530814575722,
      0.6666335040498572,
      0.6194642846236753,
      0.5831782405486192,
      0.542870658133036,
      0.5127113793817017,
      0.47216045848853755
    ],
    "train_acc": [
      44.164,
      57.986,
      63.522,
      67.012,
      69.572,
      71.868,
      73.538,
      75.294,
      76.816,
      78.692,
      79.718,
      81.064,
      82.182,
      83.546
    ],
    "test_loss": [
      1.2661180446703975,
      1.1242063965279454,
      1.0078914422577563,
      0.9532035035066331,
      0.9131411995750647,
      0.8750734303515559,
      0.8925597107829377,
      0.915846624313452,
      0.8640669845163632,
      0.877451859152736,
      0.8482747144592456,
      0.9091700373556667,
      0.8817243557482862,
      0.9158656314348641
    ],
    "test_acc": [
      54.55,
      59.88,
      64.61,
      66.66,
      68.08,
      69.72,
      68.65,
      68.41,
      70.48,
      70.28,
      71.52,
      69.99,
      71.52,
      71.12
    ]
  }
}