{
  "config": {
    "run_name": "exp1_2",
    "out_dir": "./results",
    "seed": 914723677,
    "device": null,
    "bs_train": 128,
    "bs_test": 32,
    "batches": 100,
    "epochs": 100,
    "early_stopping": 3,
    "checkpoints": null,
    "lr": 0.001,
    "reg": 0.001,
    "filters_per_layer": [
      64
    ],
    "pool_every": 2,
    "hidden_dims": [
      100
    ],
    "model_type": "cnn",
    "kw": {},
    "layers_per_block": 4
  },
  "results": {
    "num_epochs": 10,
    "train_loss": [
      1.602709666542385,
      1.1629859414856758,
      0.9584444797862216,
      0.8154060047910646,
      0.7281338837750427,
      0.6432966766759868,
      0.56981196717533,
      0.5087927894671554,
      0.45204189191084077,
      0.38733729480020224,
      0.33988535846285806
    ],
    "train_acc": [
      41.542,
      58.606,
      66.104,
      71.38,
      74.626,
      77.542,
      79.858,
      82.162,
      84.032,
      86.312,
      87.962
    ],
    "test_loss": [
      1.307204888461116,
      1.105945827481084,
      0.9686770960926628,
      0.8857355162548942,
      0.8342355761093835,
      0.8455083659662607,
      0.8336504198872624,
      0.8291472840232971,
      0.8354437640680673,
      0.8816966973840238,
      0.9063568657484299
    ],
    "test_acc": [
      52.72,
      60.49,
      65.99,
      69.19,
      70.9,
      71.25,
      72.05,
      73.22,
      73.0,
      72.94,
      72.85
    ]
  }
}