{
  "config": {
    "run_name": "exp1_2",
    "out_dir": "./results",
    "seed": 891511025,
    "device": null,
    "bs_train": 128,
    "bs_test": 32,
    "batches": 100,
    "epochs": 100,
    "early_stopping": 3,
    "checkpoints": null,
    "lr": 0.001,
    "reg": 0.001,
    "filters_per_layer": [
      256
    ],
    "pool_every": 2,
    "hidden_dims": [
      100
    ],
    "model_type": "cnn",
    "kw": {},
    "layers_per_block": 4
  },
  "results": {
    "num_epochs": 11,
    "train_loss": [
      1.5887280912960278,
      1.0806446220258923,
      0.8645392520653318,
      0.7184409657707604,
      0.6019848651440857,
      0.5119226056596508,
      0.4269668240376446,
      0.3460274470203063,
      0.2805678968310661,
      0.22154071614565446,
      0.173070544762837,
      0.14790091371101796
    ],
    "train_acc": [
      41.886,
      61.67,
      69.758,
      74.858,
      78.872,
      81.846,
      84.762,
      87.856,
      90.114,
      92.096,
      93.722,
      94.686
    ],
    "test_loss": [
      1.304878201918861,
      0.9896691999496362,
      0.8742196577044722,
      0.8462115208180948,
      0.8257717433067175,
      0.7891333863948481,
      0.8354875147342682,
      0.8824751230950554,
      0.9186942164604657,
      1.005852414110598,
      1.115699749309034,
      1.2764227771149657
    ],
    "test_acc": [
      52.55,
      64.21,
      69.9,
      71.43,
      72.48,
      74.31,
      73.92,
      74.45,
      74.99,
      74.44,
      73.65,
      73.82
    ]
  }
}