{
  "config": {
    "run_name": "exp1_2",
    "out_dir": "./results",
    "seed": 2038217590,
    "device": null,
    "bs_train": 128,
    "bs_test": 32,
    "batches": 100,
    "epochs": 100,
    "early_stopping": 3,
    "checkpoints": null,
    "lr": 0.001,
    "reg": 0.001,
    "filters_per_layer": [
      32
    ],
    "pool_every": 1,
    "hidden_dims": [
      100
    ],
    "model_type": "cnn",
    "kw": {},
    "layers_per_block": 2
  },
  "results": {
    "num_epochs": 16,
    "train_loss": [
      1.6123067985105393,
      1.2886922210073837,
      1.1542326928404592,
      1.055923791340245,
      0.9828948800826012,
      0.9263235411375684,
      0.8781486191712987,
      0.8417547221683785,
      0.7974446929629196,
      0.760473506072598,
      0.7275987906224283,
      0.6917056443593691,
      0.6604896016285547,
      0.6326940406466384,
      0.6063369992748856,
      0.5798979168352874,
      0.5483942053202168
    ],
    "train_acc": [
      41.8,
      54.186,
      59.232,
      62.994,
      65.524,
      67.438,
      69.168,
      70.556,
      71.988,
      73.512,
      74.66,
      75.846,
      77.01,
      78.004,
      79.006,
      79.796,
      80.934
    ],
    "test_loss": [
      1.3726707496962989,
      1.1852728819694762,
      1.1492444768119543,
      1.0620397997740358,
      1.018016751201008,
      0.9511469292183654,
      0.9267015733277074,
      0.9371449832146922,
      0.932181792232556,
      0.8990928585917805,
      0.9380025418040852,
      0.8783240360192979,
      0.8983778374644514,
      0.8938302555785012,
      0.9377409172134278,
      0.9087757521544021,
      0.9410325500150077
    ],
    "test_acc": [
      50.47,
      57.78,
      58.95,
      62.4,
      64.7,
      66.41,
      67.82,
      67.51,
      67.48,
      69.08,
      68.63,
      69.82,
      69.76,
      70.09,
      68.54,
      69.45,
      69.19
    ]
  }
}