{
  "config": {
    "run_name": "exp1_4",
    "out_dir": "./results",
    "seed": 1113708798,
    "device": null,
    "bs_train": 128,
    "bs_test": 32,
    "batches": 100,
    "epochs": 100,
    "early_stopping": 3,
    "checkpoints": null,
    "lr": 0.001,
    "reg": 0.001,
    "filters_per_layer": [
      64,
      128,
      256
    ],
    "pool_every": 3,
    "hidden_dims": [
      100
    ],
    "model_type": "resnet",
    "kw": {},
    "layers_per_block": 4
  },
  "results": {
    "num_epochs": 10,
    "train_loss": [
      1.751126743643485,
      1.2327006738204176,
      0.948856760931137,
      0.7600502954114734,
      0.6288320839862385,
      0.516933784308031,
      0.4152792772978468,
      0.3355145015375084,
      0.26178717434101395,
      0.2195754175067253,
      0.17344301495977374
    ],
    "train_acc": [
      33.984,
      55.382,
      66.612,
      73.056,
      77.82,
      81.676,
      85.364,
      88.28,
      90.656,
      92.172,
      93.842
    ],
    "test_loss": [
      1.4207094288862552,
      1.0509158207204776,
      0.8613072521389483,
      0.7816295193407101,
      0.7635090077837435,
      0.7172025636362191,
      0.7462844148801919,
      0.801426720457336,
      0.8297132907298427,
      0.8829172692550257,
      0.942088570552893
    ],
    "test_acc": [
      46.94,
      62.53,
      69.5,
      72.71,
      73.1,
      75.05,
      76.3,
      76.63,
      76.48,
      75.89,
      75.58
    ]
  }
}