{
  "config": {
    "run_name": "exp1_2",
    "out_dir": "./results",
    "seed": 631180017,
    "device": null,
    "bs_train": 128,
    "bs_test": 32,
    "batches": 100,
    "epochs": 100,
    "early_stopping": 3,
    "checkpoints": null,
    "lr": 0.001,
    "reg": 0.001,
    "filters_per_layer": [
      128
    ],
    "pool_every": 4,
    "hidden_dims": [
      100
    ],
    "model_type": "cnn",
    "kw": {},
    "layers_per_block": 8
  },
  "results": {
    "num_epochs": 14,
    "train_loss": [
      1.9552373736715682,
      1.419369692387788,
      1.1635272951077318,
      0.9815166062101379,
      0.8601749243638704,
      0.7501502729132962,
      0.6603850134650765,
      0.5885419116910461,
      0.5245047879341008,
      0.4600615523507833,
      0.39471568403494023,
      0.34105481706616825,
      0.28837474010637043,
      0.24503395378665851,
      0.20631056738174175
    ],
    "train_acc": [
      26.764,
      48.742,
      58.366,
      65.112,
      69.332,
      73.628,
      76.746,
      79.362,
      81.534,
      83.664,
      85.938,
      87.87,
      89.764,
      91.254,
      92.644
    ],
    "test_loss": [
      1.546128826019482,
      1.2760631084061278,
      1.085640455968083,
      0.9571750838154802,
      0.8597501977183186,
      0.8762307291784988,
      0.8185766837276971,
      0.7998409694947374,
      0.8191613854882055,
      0.8474847480131034,
      0.8520742810953158,
      0.9144366919613494,
      0.9959500094000905,
      1.1018355910579998,
      1.2529329289072237
    ],
    "test_acc": [
      43.7,
      53.68,
      61.67,
      66.33,
      69.97,
      69.96,
      72.26,
      73.0,
      73.09,
      73.14,
      73.61,
      73.75,
      73.3,
      73.19,
      72.26
    ]
  }
}