{
  "config": {
    "run_name": "exp1_4",
    "out_dir": "./results",
    "seed": 368445110,
    "device": null,
    "bs_train": 128,
    "bs_test": 32,
    "batches": 100,
    "epochs": 100,
    "early_stopping": 3,
    "checkpoints": null,
    "lr": 0.001,
    "reg": 0.001,
    "filters_per_layer": [
      64,
      128,
      256
    ],
    "pool_every": 5,
    "hidden_dims": [
      100
    ],
    "model_type": "resnet",
    "kw": {},
    "layers_per_block": 8
  },
  "results": {
    "num_epochs": 22,
    "train_loss": [
      1.753413193975873,
      1.3400084972381592,
      1.1383025606574915,
      0.9749181438285066,
      0.8462552400806066,
      0.7496433568275188,
      0.66107750053296,
      0.5824268526585815,
      0.5131305777050955,
      0.450965783060969,
      0.3939268811965537,
      0.3421704897566525,
      0.30370106523299156,
      0.2723404737880163,
      0.2288854462868722,
      0.21980651593802836,
      0.2022769607012839,
      0.1879470806921382,
      0.16758151549626799,
      0.16417076360539098,
      0.15787035956635803,
      0.16374142934827854,
      0.15499193444276405
    ],
    "train_acc": [
      34.334,
      50.922,
      58.99,
      65.534,
      70.22,
      73.62,
      76.754,
      79.628,
      81.95,
      84.098,
      86.14,
      87.944,
      89.238,
      90.28,
      91.926,
      92.168,
      92.862,
      93.28,
      93.968,
      94.132,
      94.438,
      94.272,
      94.448
    ],
    "test_loss": [
      1.5107525423311958,
      1.2130157776153125,
      1.0936492984287274,
      0.9472921180268066,
      0.9766006429736226,
      0.870347170022349,
      0.7637066515489889,
      0.7595152793981778,
      0.7637037161630563,
      0.7533798521509567,
      0.7974712378776874,
      0.8219862399866786,
      0.8013150181633215,
      0.913989040226982,
      0.8934272489608667,
      0.9592778947406684,
      0.9739445131807662,
      1.005995628456719,
      1.0936086899556292,
      1.0498498035505557,
      1.0927955800542435,
      1.0499289706587411,
      1.119847895571599
    ],
    "test_acc": [
      42.88,
      55.94,
      61.41,
      66.44,
      65.88,
      70.07,
      73.36,
      74.41,
      74.72,
      74.92,
      75.01,
      74.65,
      75.04,
      73.89,
      75.6,
      75.3,
      75.41,
      75.77,
      74.9,
      75.93,
      74.74,
      74.82,
      75.25
    ]
  }
}