{
  "config": {
    "run_name": "exp1_1",
    "out_dir": "./results",
    "seed": 775134861,
    "device": null,
    "bs_train": 128,
    "bs_test": 32,
    "batches": 100,
    "epochs": 100,
    "early_stopping": 3,
    "checkpoints": null,
    "lr": 0.001,
    "reg": 0.001,
    "filters_per_layer": [
      32
    ],
    "pool_every": 1,
    "hidden_dims": [
      100
    ],
    "model_type": "cnn",
    "kw": {},
    "layers_per_block": 2
  },
  "results": {
    "num_epochs": 15,
    "train_loss": [
      1.5957567362529237,
      1.2525363497416993,
      1.1232646014684302,
      1.0224856876046455,
      0.9503956357841297,
      0.8996602019385609,
      0.8573314134422165,
      0.810056542191664,
      0.777181953267978,
      0.7435179319223175,
      0.7073446567863455,
      0.6798666204942767,
      0.6516629625159456,
      0.6189762015476861,
      0.586826258760584,
      0.5648802968547167
    ],
    "train_acc": [
      42.348,
      55.382,
      60.31,
      64.21,
      66.768,
      68.464,
      69.96,
      71.612,
      72.838,
      73.928,
      75.062,
      76.21,
      76.996,
      78.382,
      79.566,
      80.164
    ],
    "test_loss": [
      1.3790071079144464,
      1.1777192750297034,
      1.124949131720363,
      1.0288608426484056,
      0.9778589830992702,
      0.9680834873415791,
      0.9426936692894458,
      0.9448948521583606,
      0.9216010155388341,
      0.895046274025981,
      0.900397389079816,
      0.9252487112538883,
      0.8871171208806693,
      0.8977900394045126,
      0.9379310420336434,
      0.9865804284144515
    ],
    "test_acc": [
      50.43,
      58.36,
      60.21,
      63.67,
      65.77,
      66.38,
      67.22,
      67.32,
      67.89,
      68.91,
      68.27,
      68.37,
      69.6,
      69.29,
      68.84,
      68.02
    ]
  }
}