{
  "config": {
    "run_name": "exp1_4",
    "out_dir": "./results",
    "seed": 245537011,
    "device": null,
    "bs_train": 128,
    "bs_test": 32,
    "batches": 100,
    "epochs": 100,
    "early_stopping": 3,
    "checkpoints": null,
    "lr": 0.001,
    "reg": 0.001,
    "filters_per_layer": [
      64,
      128,
      256
    ],
    "pool_every": 2,
    "hidden_dims": [
      100
    ],
    "model_type": "resnet",
    "kw": {},
    "layers_per_block": 2
  },
  "results": {
    "num_epochs": 8,
    "train_loss": [
      1.5348703547206985,
      1.0098365842533843,
      0.7760630542664881,
      0.6115042733414399,
      0.48756289032414135,
      0.3801421632852091,
      0.27943526379897465,
      0.1960329094239513,
      0.14342412993769207
    ],
    "train_acc": [
      43.894,
      64.248,
      72.73,
      78.588,
      82.948,
      86.638,
      90.07,
      93.166,
      94.852
    ],
    "test_loss": [
      1.1501768141889726,
      0.8832699136612133,
      0.7919777052851912,
      0.7072622016215095,
      0.6900825810889466,
      0.7026854737307697,
      0.8169631183433076,
      0.82100798277714,
      0.9187006936096155
    ],
    "test_acc": [
      58.29,
      69.21,
      72.3,
      75.16,
      77.18,
      77.75,
      76.16,
      77.73,
      77.28
    ]
  }
}