{
  "config": {
    "run_name": "exp1_4",
    "out_dir": "./results",
    "seed": 32023077,
    "device": null,
    "bs_train": 128,
    "bs_test": 32,
    "batches": 100,
    "epochs": 100,
    "early_stopping": 3,
    "checkpoints": null,
    "lr": 0.001,
    "reg": 0.001,
    "filters_per_layer": [
      32
    ],
    "pool_every": 4,
    "hidden_dims": [
      100
    ],
    "model_type": "resnet",
    "kw": {},
    "layers_per_block": 8
  },
  "results": {
    "num_epochs": 13,
    "train_loss": [
      1.6255614236187752,
      1.2316441875894357,
      1.019670670904467,
      0.8822338120711734,
      0.7876963606270988,
      0.7077031687397481,
      0.6518620951553745,
      0.5907522898043513,
      0.5461114882813085,
      0.49736773777190985,
      0.4558223640674825,
      0.41436399965335036,
      0.38214596702009823,
      0.3431417893265824
    ],
    "train_acc": [
      40.706,
      56.028,
      63.81,
      69.004,
      72.428,
      75.304,
      77.09,
      79.312,
      80.758,
      82.504,
      84.026,
      85.306,
      86.476,
      87.876
    ],
    "test_loss": [
      1.33932301963861,
      1.1258260579154895,
      0.9906327614007285,
      0.9002709666760965,
      0.8195296977274715,
      0.8440637943653253,
      0.7783650550217674,
      0.8011169478344841,
      0.82605016383881,
      0.7885990482740128,
      0.7845610986692837,
      0.8143221022793279,
      0.8752289664821503,
      0.9108996184203572
    ],
    "test_acc": [
      51.49,
      60.21,
      65.44,
      68.92,
      71.39,
      71.29,
      73.35,
      73.61,
      72.39,
      74.33,
      74.59,
      73.86,
      73.11,
      73.63
    ]
  }
}