{
  "config": {
    "run_name": "exp1_1",
    "out_dir": "./results",
    "seed": 1873393967,
    "device": null,
    "bs_train": 128,
    "bs_test": 32,
    "batches": 100,
    "epochs": 100,
    "early_stopping": 3,
    "checkpoints": null,
    "lr": 0.001,
    "reg": 0.001,
    "filters_per_layer": [
      64
    ],
    "pool_every": 4,
    "hidden_dims": [
      100
    ],
    "model_type": "cnn",
    "kw": {},
    "layers_per_block": 8
  },
  "results": {
    "num_epochs": 10,
    "train_loss": [
      1.7709753851756416,
      1.2798052988088955,
      1.0733191904509465,
      0.9248347172651754,
      0.8172669444242706,
      0.7180958513713553,
      0.6367491651374055,
      0.5593848968558299,
      0.4874047862599268,
      0.4214202330621612,
      0.3655904004793338
    ],
    "train_acc": [
      35.068,
      54.04,
      61.88,
      67.326,
      71.402,
      74.678,
      77.34,
      80.178,
      82.812,
      84.894,
      86.886
    ],
    "test_loss": [
      1.4064521698144297,
      1.164690680016344,
      1.043997278800026,
      0.9591696808894221,
      0.9488245584903815,
      0.9398435526572096,
      0.9840052258282804,
      0.9989828194101779,
      1.018803120802005,
      1.1029086231042782,
      1.1212440333046472
    ],
    "test_acc": [
      49.13,
      58.02,
      62.73,
      65.89,
      66.93,
      67.61,
      67.92,
      68.26,
      67.14,
      68.01,
      67.24
    ]
  }
}