{
  "config": {
    "run_name": "exp1_1",
    "out_dir": "./results",
    "seed": 2029632477,
    "device": null,
    "bs_train": 128,
    "bs_test": 32,
    "batches": 100,
    "epochs": 100,
    "early_stopping": 3,
    "checkpoints": null,
    "lr": 0.001,
    "reg": 0.001,
    "filters_per_layer": [
      32
    ],
    "pool_every": 4,
    "hidden_dims": [
      100
    ],
    "model_type": "cnn",
    "kw": {},
    "layers_per_block": 8
  },
  "results": {
    "num_epochs": 13,
    "train_loss": [
      1.798148587536629,
      1.3515249728546728,
      1.1692928426405962,
      1.0261029780978133,
      0.9215080295987141,
      0.833009379751542,
      0.763466010922971,
      0.7012229064084075,
      0.6383740638985353,
      0.590017968126575,
      0.5387800486039018,
      0.4919244429796858,
      0.45378209181758755,
      0.41662327228757123
    ],
    "train_acc": [
      33.56,
      51.186,
      58.19,
      63.576,
      67.366,
      70.536,
      73.114,
      75.396,
      77.624,
      79.124,
      80.97,
      82.606,
      83.808,
      85.1
    ],
    "test_loss": [
      1.521232021883273,
      1.2690932661199723,
      1.0972710912600874,
      1.015818144757146,
      1.020652540575582,
      0.9425018776339084,
      0.9062303626499237,
      0.8814378535976044,
      0.9321611489350803,
      0.9089487199775708,
      0.89970585932366,
      0.9647283398876556,
      1.0507357860335147,
      1.0098133466114252
    ],
    "test_acc": [
      45.25,
      54.1,
      60.93,
      64.21,
      64.35,
      66.84,
      68.88,
      70.13,
      69.01,
      70.32,
      71.09,
      70.79,
      69.09,
      69.56
    ]
  }
}