{
  "config": {
    "run_name": "exp1_4",
    "out_dir": "./results",
    "seed": 984132781,
    "device": null,
    "bs_train": 128,
    "bs_test": 32,
    "batches": 100,
    "epochs": 100,
    "early_stopping": 3,
    "checkpoints": null,
    "lr": 0.001,
    "reg": 0.001,
    "filters_per_layer": [
      32
    ],
    "pool_every": 16,
    "hidden_dims": [
      100
    ],
    "model_type": "resnet",
    "kw": {},
    "layers_per_block": 32
  },
  "results": {
    "num_epochs": 17,
    "train_loss": [
      1.787932211480787,
      1.4364242248827843,
      1.290872029331334,
      1.154864579515384,
      1.0451694133946352,
      0.9646572667314574,
      0.9009499952311406,
      0.8429552324287727,
      0.797789382507734,
      0.7594619806465286,
      0.7166083243192004,
      0.6854922590048417,
      0.6530078548147246,
      0.6222359455759873,
      0.6000077110117353,
      0.5675510914276933,
      0.5537605565374769,
      0.5189478693868194
    ],
    "train_acc": [
      35.026,
      47.922,
      53.728,
      59.07,
      63.084,
      65.948,
      68.27,
      70.192,
      71.938,
      73.274,
      74.604,
      75.812,
      76.882,
      77.96,
      78.902,
      79.948,
      80.32,
      81.592
    ],
    "test_loss": [
      1.4983644801587723,
      1.3400348859092297,
      1.211766754285977,
      1.1052859528377033,
      1.0443010806275632,
      0.9780815994968048,
      0.9449782106823053,
      0.8944127051213298,
      0.8935673871931558,
      0.8613317153705194,
      0.8846403022353261,
      0.8492398805702075,
      0.8538475824049867,
      0.8599993055240034,
      0.8073379912505896,
      0.8297881246946109,
      0.8392981686912024,
      0.876075368910171
    ],
    "test_acc": [
      45.77,
      51.04,
      57.13,
      60.94,
      62.7,
      66.04,
      66.46,
      68.77,
      69.36,
      70.62,
      69.21,
      70.89,
      70.96,
      71.38,
      72.29,
      71.82,
      72.12,
      70.89
    ]
  }
}