{
  "config": {
    "run_name": "exp1_1",
    "out_dir": "./results",
    "seed": 727242705,
    "device": null,
    "bs_train": 128,
    "bs_test": 32,
    "batches": 100,
    "epochs": 100,
    "early_stopping": 3,
    "checkpoints": null,
    "lr": 0.001,
    "reg": 0.001,
    "filters_per_layer": [
      64
    ],
    "pool_every": 2,
    "hidden_dims": [
      100
    ],
    "model_type": "cnn",
    "kw": {},
    "layers_per_block": 4
  },
  "results": {
    "num_epochs": 9,
    "train_loss": [
      1.5825496948588536,
      1.1799671817618562,
      0.9756033004397322,
      0.8285558391410066,
      0.7305519751575597,
      0.6367993782395902,
      0.5595201919298343,
      0.48309387582952107,
      0.4225592231735244,
      0.3528559853125106
    ],
    "train_acc": [
      42.666,
      57.814,
      65.412,
      70.844,
      74.196,
      77.788,
      80.466,
      83.258,
      85.198,
      87.556
    ],
    "test_loss": [
      1.2980019937688931,
      1.12632736497032,
      0.9340434898012362,
      0.8771271368566032,
      0.8302973485031067,
      0.8452455079593597,
      0.8155679892236813,
      0.8682553177348341,
      0.9198789182371987,
      0.9636910088336506
    ],
    "test_acc": [
      53.22,
      59.92,
      67.02,
      69.03,
      71.01,
      71.29,
      72.54,
      71.97,
      70.91,
      72.09
    ]
  }
}