{
  "config": {
    "run_name": "exp1_2",
    "out_dir": "./results",
    "seed": 1816447491,
    "device": null,
    "bs_train": 128,
    "bs_test": 32,
    "batches": 100,
    "epochs": 100,
    "early_stopping": 3,
    "checkpoints": null,
    "lr": 0.001,
    "reg": 0.001,
    "filters_per_layer": [
      32
    ],
    "pool_every": 2,
    "hidden_dims": [
      100
    ],
    "model_type": "cnn",
    "kw": {},
    "layers_per_block": 4
  },
  "results": {
    "num_epochs": 16,
    "train_loss": [
      1.6749728317455868,
      1.3087824845253049,
      1.1279724369878354,
      1.0060567968641705,
      0.9143501102467022,
      0.8467803376410014,
      0.7838505166570854,
      0.733724406460667,
      0.6815420889945896,
      0.6414946607311668,
      0.5969573840155931,
      0.5508499184380407,
      0.519254441685079,
      0.4782203051745129,
      0.4481394305406019,
      0.41299453484432774,
      0.38299558561323854
    ],
    "train_acc": [
      39.156,
      53.07,
      59.832,
      64.642,
      67.81,
      70.282,
      72.36,
      74.198,
      75.968,
      77.476,
      79.106,
      80.75,
      81.614,
      83.114,
      84.004,
      85.344,
      86.066
    ],
    "test_loss": [
      1.3900383543282653,
      1.2063814424478208,
      1.1346808738601855,
      1.012857690596352,
      0.9320553051777922,
      0.9138241476905994,
      0.8867958131880044,
      0.9082208856607017,
      0.8727979552441131,
      0.8619447026770717,
      0.8562694077674573,
      0.9136906364284003,
      0.8955811802952435,
      0.9031501098181873,
      0.9341723847503479,
      0.9782904964475967,
      1.0443337105524044
    ],
    "test_acc": [
      49.55,
      56.66,
      59.63,
      64.06,
      67.3,
      68.16,
      69.86,
      69.2,
      70.35,
      71.0,
      71.25,
      70.54,
      71.81,
      71.95,
      71.45,
      70.77,
      70.04
    ]
  }
}