{
  "config": {
    "run_name": "exp1_2",
    "out_dir": "./results",
    "seed": 602388646,
    "device": null,
    "bs_train": 128,
    "bs_test": 32,
    "batches": 100,
    "epochs": 100,
    "early_stopping": 3,
    "checkpoints": null,
    "lr": 0.001,
    "reg": 0.001,
    "filters_per_layer": [
      64
    ],
    "pool_every": 1,
    "hidden_dims": [
      100
    ],
    "model_type": "cnn",
    "kw": {},
    "layers_per_block": 2
  },
  "results": {
    "num_epochs": 12,
    "train_loss": [
      1.5807337733485816,
      1.2200305077730846,
      1.066841305521748,
      0.9725698357652826,
      0.9004820121828553,
      0.843817156903884,
      0.7970431312880553,
      0.761258288036527,
      0.71581575129648,
      0.680665225857664,
      0.6509319261059432,
      0.6191160416664065,
      0.5833691897447152
    ],
    "train_acc": [
      43.158,
      57.02,
      62.616,
      65.918,
      68.558,
      70.562,
      72.314,
      73.444,
      74.994,
      76.328,
      77.142,
      78.478,
      79.714
    ],
    "test_loss": [
      1.4248309681971614,
      1.1678992513650523,
      1.0240247028704268,
      0.9762131179483554,
      0.9375666875047044,
      0.9322870436567849,
      0.8809333025647429,
      0.910655813380933,
      0.868749850950302,
      0.8502734946176267,
      0.8522672290428759,
      0.8715717749664197,
      0.8840570052782186
    ],
    "test_acc": [
      48.33,
      57.85,
      63.87,
      65.7,
      67.04,
      68.17,
      69.94,
      68.37,
      70.17,
      71.33,
      70.84,
      70.88,
      71.14
    ]
  }
}