{
  "config": {
    "run_name": "exp1_2",
    "out_dir": "./results",
    "seed": 1912141733,
    "device": null,
    "bs_train": 128,
    "bs_test": 32,
    "batches": 100,
    "epochs": 100,
    "early_stopping": 3,
    "checkpoints": null,
    "lr": 0.001,
    "reg": 0.001,
    "filters_per_layer": [
      256
    ],
    "pool_every": 4,
    "hidden_dims": [
      100
    ],
    "model_type": "cnn",
    "kw": {},
    "layers_per_block": 8
  },
  "results": {
    "num_epochs": 9,
    "train_loss": [
      1.747745694406807,
      1.237476806354035,
      0.9796187740457637,
      0.7915076811600219,
      0.6519193409958763,
      0.5292315879441283,
      0.40537278792437387,
      0.3087459185239299,
      0.22922567394383422,
      0.18315038121188693
    ],
    "train_acc": [
      35.528,
      55.742,
      65.472,
      72.126,
      77.03,
      81.314,
      85.656,
      89.114,
      91.904,
      93.47
    ],
    "test_loss": [
      1.380163125717602,
      1.1354745331282814,
      0.9228630568653631,
      0.8446002829189118,
      0.8190290370878701,
      0.8718659110343494,
      0.881495748941129,
      1.0337140145012365,
      1.216180749594594,
      1.2216608648102123
    ],
    "test_acc": [
      50.74,
      59.09,
      67.15,
      70.8,
      72.22,
      71.3,
      72.6,
      71.39,
      71.23,
      72.09
    ]
  }
}