{
  "config": {
    "run_name": "exp1_3",
    "out_dir": "./results",
    "seed": 226597472,
    "device": null,
    "bs_train": 128,
    "bs_test": 32,
    "batches": 100,
    "epochs": 100,
    "early_stopping": 3,
    "checkpoints": null,
    "lr": 0.001,
    "reg": 0.001,
    "filters_per_layer": [
      64,
      128,
      256
    ],
    "pool_every": 2,
    "hidden_dims": [
      100
    ],
    "model_type": "cnn",
    "kw": {},
    "layers_per_block": 2
  },
  "results": {
    "num_epochs": 11,
    "train_loss": [
      1.6694542956169305,
      1.1467164279249928,
      0.8986286996575572,
      0.7404523994154333,
      0.6234741796313039,
      0.5228915934824883,
      0.43036884191395985,
      0.358606410986932,
      0.28410997251263054,
      0.22505943206570034,
      0.17536380202950114,
      0.1428663541403268
    ],
    "train_acc": [
      38.354,
      58.736,
      68.09,
      73.968,
      78.274,
      81.546,
      84.972,
      87.426,
      90.018,
      91.988,
      93.67,
      94.802
    ],
    "test_loss": [
      1.3328152218946634,
      1.0273691865201957,
      0.8477325391845582,
      0.7727313824355031,
      0.7330931815476464,
      0.7238004424225408,
      0.6997371821548231,
      0.6905077967209557,
      0.7284403736360918,
      0.8691557703878933,
      0.9195641285409561,
      0.9859153594071872
    ],
    "test_acc": [
      51.34,
      63.94,
      70.68,
      73.7,
      74.66,
      75.81,
      76.71,
      77.81,
      78.81,
      77.35,
      76.43,
      76.77
    ]
  }
}