{
  "config": {
    "run_name": "exp1_2",
    "out_dir": "./results",
    "seed": 915105746,
    "device": null,
    "bs_train": 128,
    "bs_test": 32,
    "batches": 100,
    "epochs": 100,
    "early_stopping": 3,
    "checkpoints": null,
    "lr": 0.001,
    "reg": 0.001,
    "filters_per_layer": [
      64
    ],
    "pool_every": 4,
    "hidden_dims": [
      100
    ],
    "model_type": "cnn",
    "kw": {},
    "layers_per_block": 8
  },
  "results": {
    "num_epochs": 9,
    "train_loss": [
      1.7643372424118353,
      1.2814783269487073,
      1.051149677285148,
      0.884506264763415,
      0.7652473082322904,
      0.660375615748603,
      0.5686817698923828,
      0.48892391558803255,
      0.4232337277411195,
      0.3528435807627485
    ],
    "train_acc": [
      34.996,
      54.292,
      62.83,
      69.038,
      73.032,
      76.794,
      80.014,
      82.69,
      85.084,
      87.514
    ],
    "test_loss": [
      1.4126558519019106,
      1.183337255407827,
      1.0081912739970051,
      0.9244077537006463,
      0.9215128822638966,
      0.8280120249183033,
      0.8299855042379886,
      0.8799195629053603,
      0.9532369256210023,
      1.0387863466343559
    ],
    "test_acc": [
      48.01,
      57.61,
      64.35,
      67.92,
      68.56,
      71.78,
      72.74,
      72.62,
      71.95,
      72.11
    ]
  }
}