{
  "config": {
    "run_name": "exp1_4",
    "out_dir": "./results",
    "seed": 1324494476,
    "device": null,
    "bs_train": 128,
    "bs_test": 32,
    "batches": 100,
    "epochs": 100,
    "early_stopping": 3,
    "checkpoints": null,
    "lr": 0.001,
    "reg": 0.001,
    "filters_per_layer": [
      32
    ],
    "pool_every": 8,
    "hidden_dims": [
      100
    ],
    "model_type": "resnet",
    "kw": {},
    "layers_per_block": 16
  },
  "results": {
    "num_epochs": 10,
    "train_loss": [
      1.6966167715809228,
      1.3301831651526643,
      1.0965353595021436,
      0.9616891572542507,
      0.8728544631272631,
      0.807104435723151,
      0.7490773255867726,
      0.7031775962971055,
      0.6580872740739446,
      0.6232982843428316,
      0.5837216711105289
    ],
    "train_acc": [
      38.218,
      52.044,
      61.354,
      66.39,
      69.41,
      71.886,
      73.83,
      75.452,
      76.922,
      78.058,
      79.594
    ],
    "test_loss": [
      1.4666888176823576,
      1.173931847745999,
      1.0267179783540792,
      0.9434905617762679,
      0.9048739705032434,
      0.8726100277024716,
      0.8731768339777145,
      0.8162863884870999,
      0.8483527415095807,
      0.8366411752975025,
      0.8702414991756597
    ],
    "test_acc": [
      46.85,
      58.04,
      63.7,
      67.1,
      68.82,
      69.73,
      69.62,
      71.9,
      71.47,
      70.88,
      70.82
    ]
  }
}