{
  "config": {
    "run_name": "exp1_1",
    "out_dir": "./results",
    "seed": 977784420,
    "device": null,
    "bs_train": 128,
    "bs_test": 32,
    "batches": 100,
    "epochs": 100,
    "early_stopping": 3,
    "checkpoints": null,
    "lr": 0.001,
    "reg": 0.001,
    "filters_per_layer": [
      32
    ],
    "pool_every": 8,
    "hidden_dims": [
      100
    ],
    "model_type": "cnn",
    "kw": {},
    "layers_per_block": 16
  },
  "results": {
    "num_epochs": 3,
    "train_loss": [
      2.3137016485414237,
      2.302825738706857,
      2.302730297493508,
      2.302720986973599
    ],
    "train_acc": [
      10.08,
      9.898,
      9.722,
      9.806
    ],
    "test_loss": [
      2.303203333681003,
      2.3025973825789867,
      2.3025949983931957,
      2.3026261040197014
    ],
    "test_acc": [
      10.0,
      10.0,
      10.0,
      10.0
    ]
  }
}