{
  "config": {
    "run_name": "exp1_1",
    "out_dir": "./results",
    "seed": 823683163,
    "device": null,
    "bs_train": 128,
    "bs_test": 32,
    "batches": 100,
    "epochs": 100,
    "early_stopping": 3,
    "checkpoints": null,
    "lr": 0.001,
    "reg": 0.001,
    "filters_per_layer": [
      32
    ],
    "pool_every": 2,
    "hidden_dims": [
      100
    ],
    "model_type": "cnn",
    "kw": {},
    "layers_per_block": 4
  },
  "results": {
    "num_epochs": 14,
    "train_loss": [
      1.7037776260424757,
      1.3096760910795169,
      1.1267404411454944,
      1.0115495016202902,
      0.9249605012061956,
      0.8610880034963798,
      0.7979283454777945,
      0.7450553197080217,
      0.6942210163911591,
      0.6485304396475673,
      0.6084369190818514,
      0.5690808103365057,
      0.5404661321426596,
      0.510238233277255,
      0.47433574821638025
    ],
    "train_acc": [
      37.802,
      52.598,
      60.042,
      64.372,
      67.546,
      69.836,
      71.916,
      73.882,
      75.564,
      77.174,
      78.52,
      79.952,
      80.902,
      81.976,
      83.23
    ],
    "test_loss": [
      1.4328948350760122,
      1.2432604203589808,
      1.0983623452841664,
      0.9923578314126109,
      0.9798678274924001,
      0.9012065639320653,
      0.909803841346369,
      0.863132254098551,
      0.8806145966243439,
      0.8582424123447162,
      0.877233694060542,
      0.8282253034769917,
      0.8874991207648391,
      0.9063056187507824,
      0.8846380364018888
    ],
    "test_acc": [
      47.75,
      55.83,
      60.9,
      64.72,
      65.97,
      68.04,
      68.04,
      70.18,
      69.41,
      70.76,
      70.23,
      72.24,
      71.3,
      71.11,
      71.99
    ]
  }
}