{
  "config": {
    "run_name": "exp1_2",
    "out_dir": "./results",
    "seed": 489020597,
    "device": null,
    "bs_train": 128,
    "bs_test": 32,
    "batches": 100,
    "epochs": 100,
    "early_stopping": 3,
    "checkpoints": null,
    "lr": 0.001,
    "reg": 0.001,
    "filters_per_layer": [
      128
    ],
    "pool_every": 1,
    "hidden_dims": [
      100
    ],
    "model_type": "cnn",
    "kw": {},
    "layers_per_block": 2
  },
  "results": {
    "num_epochs": 12,
    "train_loss": [
      1.5108745979226155,
      1.1469752588845274,
      0.9946521842266287,
      0.884646372721933,
      0.8125564109943711,
      0.747458292242816,
      0.6940550669989622,
      0.6438091002461855,
      0.5897916739858935,
      0.5380988113410637,
      0.4970144877958176,
      0.45285292103162506,
      0.403784442931185
    ],
    "train_acc": [
      45.732,
      59.43,
      65.104,
      68.996,
      71.95,
      73.772,
      75.9,
      77.516,
      79.504,
      81.21,
      82.646,
      84.062,
      86.03
    ],
    "test_loss": [
      1.2632163580233298,
      1.0791224485007338,
      0.9736811651970251,
      0.9272752886001294,
      0.9490520923663253,
      0.8701178399137796,
      0.8283754371987364,
      0.864424037190672,
      0.8386355895584765,
      0.8316532979948452,
      0.906330379529502,
      0.8797734858700261,
      0.9269947392491106
    ],
    "test_acc": [
      54.78,
      62.15,
      65.87,
      67.61,
      66.83,
      69.74,
      71.8,
      70.58,
      71.55,
      72.38,
      70.4,
      72.21,
      71.46
    ]
  }
}