{
  "config": {
    "run_name": "exp1_3",
    "out_dir": "./results",
    "seed": 1424837854,
    "device": null,
    "bs_train": 128,
    "bs_test": 32,
    "batches": 100,
    "epochs": 100,
    "early_stopping": 3,
    "checkpoints": null,
    "lr": 0.001,
    "reg": 0.001,
    "filters_per_layer": [
      64,
      128,
      256
    ],
    "pool_every": 2,
    "hidden_dims": [
      100
    ],
    "model_type": "cnn",
    "kw": {},
    "layers_per_block": 3
  },
  "results": {
    "num_epochs": 14,
    "train_loss": [
      1.8573589965205668,
      1.3682529435438269,
      1.0957625128728958,
      0.930923652465996,
      0.7893216792122483,
      0.6902008767780441,
      0.5927983351680629,
      0.5243168115006078,
      0.45462142651343285,
      0.39523336055028774,
      0.33688943061377385,
      0.29297683626184684,
      0.25504366064544226,
      0.22238681244347103,
      0.191870732475882
    ],
    "train_acc": [
      29.152,
      49.512,
      60.034,
      66.618,
      72.03,
      75.574,
      79.332,
      81.374,
      83.868,
      86.158,
      87.99,
      89.576,
      91.002,
      92.202,
      93.314
    ],
    "test_loss": [
      1.6150376644378273,
      1.2116579110630024,
      1.0773628323603743,
      0.907526490025627,
      0.9064660632191375,
      0.781259293944691,
      0.7523687495210301,
      0.7495386157744228,
      0.8157025039576875,
      0.8169942495350639,
      0.8336798557743859,
      0.8534324573346982,
      0.916285343277759,
      1.000583117952743,
      0.9509101031116023
    ],
    "test_acc": [
      39.05,
      55.86,
      61.69,
      68.4,
      68.15,
      73.34,
      74.38,
      74.85,
      74.27,
      75.18,
      75.57,
      76.03,
      75.65,
      75.28,
      75.81
    ]
  }
}