{
  "config": {
    "run_name": "exp1_2",
    "out_dir": "./results",
    "seed": 2103561702,
    "device": null,
    "bs_train": 128,
    "bs_test": 32,
    "batches": 100,
    "epochs": 100,
    "early_stopping": 3,
    "checkpoints": null,
    "lr": 0.001,
    "reg": 0.001,
    "filters_per_layer": [
      32
    ],
    "pool_every": 4,
    "hidden_dims": [
      100
    ],
    "model_type": "cnn",
    "kw": {},
    "layers_per_block": 8
  },
  "results": {
    "num_epochs": 14,
    "train_loss": [
      1.8462880157753634,
      1.4484153120109187,
      1.2637013224384668,
      1.1316014336198188,
      1.0300303593925808,
      0.9425821840915534,
      0.8728301993111516,
      0.8060943130641947,
      0.7521546258950782,
      0.7079806261507752,
      0.6568217647197606,
      0.6149210195864558,
      0.5770508909164487,
      0.5361812910460451,
      0.5065794581037653
    ],
    "train_acc": [
      31.848,
      47.914,
      55.02,
      59.96,
      63.81,
      66.776,
      69.462,
      71.706,
      73.698,
      75.192,
      76.99,
      78.408,
      79.722,
      81.114,
      82.022
    ],
    "test_loss": [
      1.554998951217237,
      1.3601910127237582,
      1.2047480114351827,
      1.1281312148030194,
      1.0816704608000125,
      1.0256025806402627,
      0.9961007687801751,
      0.9558602211574396,
      0.9389137168661855,
      0.9874378352309949,
      0.9674478951163186,
      0.9766285673688395,
      1.0202166017252035,
      1.0289625815880565,
      1.0474477138953469
    ],
    "test_acc": [
      43.38,
      51.17,
      57.02,
      60.4,
      61.76,
      64.67,
      65.53,
      66.27,
      67.49,
      66.06,
      67.52,
      67.69,
      67.42,
      67.58,
      67.65
    ]
  }
}