{
  "config": {
    "run_name": "exp1_3",
    "out_dir": "./results",
    "seed": 490701706,
    "device": null,
    "bs_train": 128,
    "bs_test": 32,
    "batches": 100,
    "epochs": 100,
    "early_stopping": 3,
    "checkpoints": null,
    "lr": 0.001,
    "reg": 0.001,
    "filters_per_layer": [
      64,
      128,
      256
    ],
    "pool_every": 3,
    "hidden_dims": [
      100
    ],
    "model_type": "cnn",
    "kw": {},
    "layers_per_block": 4
  },
  "results": {
    "num_epochs": 14,
    "train_loss": [
      1.954846019025349,
      1.5756347359293867,
      1.3167782928937537,
      1.1014363008082066,
      0.9250614559254073,
      0.7998877074712377,
      0.6955814334894995,
      0.6064648107646982,
      0.5360471267834344,
      0.4768664025894516,
      0.41449395104137526,
      0.3572885742044205,
      0.31765470194542195,
      0.2766329350755038,
      0.24743952522116244
    ],
    "train_acc": [
      25.75,
      40.966,
      51.564,
      60.234,
      67.13,
      71.59,
      75.416,
      78.552,
      80.94,
      83.03,
      85.474,
      87.264,
      88.656,
      90.312,
      91.178
    ],
    "test_loss": [
      1.722224471668085,
      1.4352340012693559,
      1.2029984242999896,
      1.0014903442547345,
      0.9939963749993723,
      0.8503247977445682,
      0.8145806033390398,
      0.7769977541301197,
      0.8155706858101744,
      0.797314843811547,
      0.7674331265135695,
      0.8044027717063983,
      0.8430265140133544,
      0.9136307170977608,
      0.9132336121968949
    ],
    "test_acc": [
      35.13,
      46.45,
      56.37,
      64.41,
      65.28,
      70.09,
      72.1,
      73.68,
      73.43,
      75.44,
      75.58,
      75.87,
      75.82,
      75.34,
      75.65
    ]
  }
}