{
  "config": {
    "run_name": "exp1_2",
    "out_dir": "./results",
    "seed": 778246568,
    "device": null,
    "bs_train": 128,
    "bs_test": 32,
    "batches": 100,
    "epochs": 100,
    "early_stopping": 3,
    "checkpoints": null,
    "lr": 0.001,
    "reg": 0.001,
    "filters_per_layer": [
      256
    ],
    "pool_every": 1,
    "hidden_dims": [
      100
    ],
    "model_type": "cnn",
    "kw": {},
    "layers_per_block": 2
  },
  "results": {
    "num_epochs": 16,
    "train_loss": [
      1.5762654710608675,
      1.2165990575500156,
      1.0816386153021127,
      0.9770940106238246,
      0.9057477467200336,
      0.8514258420985678,
      0.8088138181230297,
      0.7649813044406569,
      0.7326489788339571,
      0.7017615628059563,
      0.6752442883713471,
      0.6493105449335045,
      0.6192215995867844,
      0.5977833896799161,
      0.5794324359625501,
      0.553287199924669,
      0.5303798327055733
    ],
    "train_acc": [
      43.19,
      56.918,
      62.084,
      65.684,
      68.226,
      70.21,
      71.716,
      73.092,
      74.282,
      75.364,
      76.314,
      77.054,
      78.15,
      78.972,
      79.65,
      80.456,
      81.29
    ],
    "test_loss": [
      1.2734670802808037,
      1.1613031246791632,
      1.040805205559959,
      0.9891639765078267,
      0.9583575328508505,
      0.9260464268751418,
      0.8963984616648275,
      0.9244274786486032,
      0.8724364686888247,
      0.8847988573506999,
      0.8878682180525015,
      0.8653022309842582,
      0.9633293880250888,
      0.8885012636550318,
      0.9339766763269711,
      0.9160184156589996,
      0.9246696667930189
    ],
    "test_acc": [
      54.44,
      58.85,
      63.5,
      65.34,
      65.94,
      67.96,
      68.99,
      67.88,
      70.04,
      69.49,
      69.72,
      70.43,
      67.8,
      70.78,
      68.92,
      69.92,
      69.88
    ]
  }
}