{
  "config": {
    "run_name": "exp1_2",
    "out_dir": "./results",
    "seed": 1502942762,
    "device": null,
    "bs_train": 128,
    "bs_test": 32,
    "batches": 100,
    "epochs": 100,
    "early_stopping": 3,
    "checkpoints": null,
    "lr": 0.001,
    "reg": 0.001,
    "filters_per_layer": [
      128
    ],
    "pool_every": 2,
    "hidden_dims": [
      100
    ],
    "model_type": "cnn",
    "kw": {},
    "layers_per_block": 4
  },
  "results": {
    "num_epochs": 9,
    "train_loss": [
      1.5757695180375864,
      1.0666197068855892,
      0.8630409478531469,
      0.7439384465022465,
      0.6489859893346381,
      0.5710962521450599,
      0.5034764127810593,
      0.4300609572845347,
      0.37066064454862835,
      0.3110016631653242
    ],
    "train_acc": [
      42.5,
      62.278,
      69.66,
      73.964,
      77.276,
      80.032,
      82.368,
      84.842,
      86.978,
      88.942
    ],
    "test_loss": [
      1.2065824390219424,
      1.037811182558346,
      0.8879708441111226,
      0.8361567904393132,
      0.765766662721055,
      0.7923529834126513,
      0.7818372005376572,
      0.8113939031815758,
      0.853917341738844,
      0.872017817708631
    ],
    "test_acc": [
      56.67,
      63.43,
      68.77,
      70.66,
      73.44,
      73.69,
      74.57,
      73.57,
      73.9,
      74.42
    ]
  }
}