{
  "config": {
    "run_name": "exp1_2",
    "out_dir": "./results",
    "seed": 1321167881,
    "device": null,
    "bs_train": 128,
    "bs_test": 32,
    "batches": 100,
    "epochs": 100,
    "early_stopping": 3,
    "checkpoints": null,
    "lr": 0.001,
    "reg": 0.001,
    "filters_per_layer": [
      64,
      128,
      256
    ],
    "pool_every": 1,
    "hidden_dims": [
      100
    ],
    "model_type": "cnn",
    "kw": {},
    "layers_per_block": 1
  },
  "results": {
    "num_epochs": 12,
    "train_loss": [
      1.5301701668888101,
      1.102618413812974,
      0.9109085589418631,
      0.7816883994795173,
      0.6886846287476133,
      0.5998706303898941,
      0.5319623130056864,
      0.4614194142239173,
      0.3958814195583544,
      0.33207936043782005,
      0.2773512146433296,
      0.23236282455646778,
      0.19161265516829917
    ],
    "train_acc": [
      44.53,
      60.932,
      68.068,
      72.624,
      75.972,
      79.02,
      81.432,
      84.052,
      86.224,
      88.306,
      90.336,
      91.768,
      93.306
    ],
    "test_loss": [
      1.1906071783254704,
      1.0650872020675732,
      0.9107563585138169,
      0.9283495193091444,
      0.8106769798472285,
      0.7369117053172078,
      0.7320106402753641,
      0.7481043286407336,
      0.7712023940901406,
      0.7998033444911908,
      0.8566038876105422,
      0.9428188161204417,
      0.994271378833265
    ],
    "test_acc": [
      57.7,
      62.35,
      68.0,
      67.91,
      72.51,
      74.57,
      75.53,
      75.01,
      75.24,
      75.55,
      74.95,
      75.3,
      74.64
    ]
  }
}