{
  "config": {
    "run_name": "exp2",
    "out_dir": "./results",
    "seed": 846619488,
    "device": null,
    "bs_train": 128,
    "bs_test": 32,
    "batches": 100,
    "epochs": 100,
    "early_stopping": 3,
    "checkpoints": null,
    "lr": 0.001,
    "reg": 0.001,
    "filters_per_layer": [
      32,
      64,
      128
    ],
    "pool_every": 4,
    "hidden_dims": [
      100
    ],
    "model_type": "ycn",
    "kw": {},
    "layers_per_block": 6
  },
  "results": {
    "num_epochs": 18,
    "train_loss": [
      1.7053832864517446,
      1.2481162737092704,
      0.9761338555599417,
      0.8259763176483876,
      0.7348694845538615,
      0.6615338915449274,
      0.6023725668335205,
      0.5557183002114601,
      0.5168439652913671,
      0.48131468087968315,
      0.4465845344621507,
      0.41965015682265583,
      0.39006075411653884,
      0.3666651205486044,
      0.34004506769844944,
      0.3178507436038283,
      0.301151051850575,
      0.2827164325339105,
      0.26441322026960073
    ],
    "train_acc": [
      36.174,
      54.988,
      65.358,
      70.74,
      74.114,
      76.71,
      78.686,
      80.732,
      81.8,
      83.116,
      84.192,
      85.258,
      86.184,
      86.97,
      87.894,
      88.714,
      89.36,
      89.842,
      90.482
    ],
    "test_loss": [
      1.4028421255727164,
      1.070951308305271,
      0.8657189615237446,
      0.796564344209604,
      0.7123337130005748,
      0.8155599708755177,
      0.6354849652265208,
      0.6277950485341084,
      0.6983158792645786,
      0.6058732913896299,
      0.6286981815156846,
      0.6101564686424055,
      0.6585404305888442,
      0.5900724829671482,
      0.6286499519793751,
      0.6128715843009872,
      0.6582623025813041,
      0.6317009573784499,
      0.7113162161538396
    ],
    "test_acc": [
      48.32,
      61.5,
      69.7,
      72.1,
      75.94,
      73.87,
      78.69,
      79.41,
      77.92,
      80.8,
      80.03,
      80.96,
      79.96,
      81.72,
      81.61,
      82.54,
      81.29,
      82.39,
      81.23
    ]
  }
}