{
  "config": {
    "run_name": "exp2",
    "out_dir": "./results",
    "seed": 1357189931,
    "device": null,
    "bs_train": 128,
    "bs_test": 32,
    "batches": 100,
    "epochs": 100,
    "early_stopping": 3,
    "checkpoints": null,
    "lr": 0.001,
    "reg": 0.001,
    "filters_per_layer": [
      32,
      64,
      128
    ],
    "pool_every": 2,
    "hidden_dims": [
      100
    ],
    "model_type": "ycn",
    "kw": {},
    "layers_per_block": 3
  },
  "results": {
    "num_epochs": 16,
    "train_loss": [
      1.4224504967174871,
      0.9310963905375936,
      0.7283694081751587,
      0.6089161928657376,
      0.520930626203337,
      0.4532907025131118,
      0.39873732306310894,
      0.3472339598190449,
      0.29808060737217174,
      0.2608774447875559,
      0.22087338521047625,
      0.1984337568473633,
      0.1758120180586415,
      0.15119558677572728,
      0.14444072813729344,
      0.12690120681053232,
      0.11674300511188977
    ],
    "train_acc": [
      47.862,
      66.804,
      74.458,
      78.61,
      81.922,
      84.15,
      86.042,
      87.74,
      89.642,
      90.846,
      92.196,
      92.92,
      93.832,
      94.586,
      94.86,
      95.498,
      95.872
    ],
    "test_loss": [
      1.0428440134746197,
      0.8808446418934356,
      0.719378901556277,
      0.6839995800306241,
      0.7278148691875105,
      0.6604814008116341,
      0.6029305204796714,
      0.5984832378336415,
      0.6582698767748885,
      0.6842699425098614,
      0.6651319829991069,
      0.7638498642764533,
      0.7276657494112325,
      0.7492496485289294,
      0.7763780169307996,
      0.8311975206049106,
      0.8715466161886343
    ],
    "test_acc": [
      62.3,
      69.3,
      75.2,
      77.25,
      76.33,
      78.91,
      80.57,
      81.41,
      80.54,
      80.77,
      81.68,
      81.08,
      81.08,
      82.02,
      81.59,
      81.26,
      81.31
    ]
  }
}