{
  "config": {
    "run_name": "exp2",
    "out_dir": "./results",
    "seed": 829742180,
    "device": null,
    "bs_train": 128,
    "bs_test": 32,
    "batches": 100,
    "epochs": 100,
    "early_stopping": 3,
    "checkpoints": null,
    "lr": 0.001,
    "reg": 0.001,
    "filters_per_layer": [
      32,
      64,
      128
    ],
    "pool_every": 5,
    "hidden_dims": [
      100
    ],
    "model_type": "ycn",
    "kw": {},
    "layers_per_block": 9
  },
  "results": {
    "num_epochs": 24,
    "train_loss": [
      1.8424209402040448,
      1.4487615967040781,
      1.217403392810041,
      1.0443846026954748,
      0.9225689668179778,
      0.8353071709727997,
      0.7638528471255241,
      0.7073534035011936,
      0.6572020970799429,
      0.6173605469943922,
      0.5832890891053183,
      0.549339112037283,
      0.5258183966359824,
      0.5004189109710782,
      0.4759777573597096,
      0.4555521737355405,
      0.43523334930924806,
      0.41487280540454113,
      0.39858791994316806,
      0.38068852625082217,
      0.35914414233106484,
      0.3463892118476541,
      0.33403791807344196,
      0.31705637074187587,
      0.30264968396452685
    ],
    "train_acc": [
      30.588,
      46.694,
      56.034,
      63.012,
      67.314,
      70.614,
      73.262,
      75.298,
      76.984,
      78.288,
      79.59,
      80.858,
      81.66,
      82.584,
      83.284,
      83.954,
      84.664,
      85.25,
      86.014,
      86.566,
      87.39,
      87.822,
      88.236,
      88.854,
      89.288
    ],
    "test_loss": [
      1.5853622131073437,
      1.3381056956970654,
      1.1745346169502209,
      0.9572383024441168,
      0.8856924777023327,
      0.8243792413141781,
      0.7731817654146554,
      0.7102184420862137,
      0.6878826372063579,
      0.6561170589809601,
      0.642698810123407,
      0.6865938697426844,
      0.6792238757918818,
      0.6486041255937979,
      0.6503187639359087,
      0.6055770775618644,
      0.6545342235519482,
      0.5991789230380576,
      0.6810910280662984,
      0.5910678603492987,
      0.6464217226154888,
      0.609634197034394,
      0.6671095934157936,
      0.6504492888482996,
      0.6972436046305175
    ],
    "test_acc": [
      41.15,
      51.33,
      58.16,
      66.35,
      68.9,
      71.14,
      73.58,
      75.41,
      76.77,
      77.77,
      78.71,
      77.62,
      77.99,
      79.23,
      79.2,
      80.31,
      79.92,
      81.36,
      80.15,
      81.5,
      81.16,
      81.96,
      80.67,
      81.28,
      80.6
    ]
  }
}