{
  "config": {
    "run_name": "exp2",
    "out_dir": "./results",
    "seed": 1935870269,
    "device": null,
    "bs_train": 128,
    "bs_test": 32,
    "batches": 100,
    "epochs": 100,
    "early_stopping": 3,
    "checkpoints": null,
    "lr": 0.001,
    "reg": 0.001,
    "filters_per_layer": [
      32,
      64,
      128
    ],
    "pool_every": 7,
    "hidden_dims": [
      100
    ],
    "model_type": "ycn",
    "kw": {},
    "layers_per_block": 12
  },
  "results": {
    "num_epochs": 16,
    "train_loss": [
      1.9384558810602368,
      1.500740217125934,
      1.297931569311625,
      1.1605886905394551,
      1.0520740209333121,
      0.9629082693468274,
      0.8996174484872452,
      0.8408542903487944,
      0.7991194965894265,
      0.756520411395051,
      0.718141777359921,
      0.6876635347943172,
      0.6670195179827073,
      0.6330302744112966,
      0.6044666222904039,
      0.5799422252666006,
      0.5607900532615154
    ],
    "train_acc": [
      27.226,
      44.934,
      52.678,
      58.366,
      62.426,
      65.806,
      68.202,
      70.278,
      71.492,
      73.158,
      74.632,
      75.622,
      76.366,
      77.68,
      78.652,
      79.572,
      80.276
    ],
    "test_loss": [
      1.5421553495973825,
      1.339037490538515,
      1.1723675230821482,
      1.0749328604902322,
      1.0109078057657797,
      0.9381158254778804,
      0.9033959289899649,
      0.8992466497154662,
      0.8331950086945543,
      0.8526470722100986,
      0.8111029861453242,
      0.810066133642349,
      0.7766442265087804,
      0.7213034731225846,
      0.7779256250149906,
      0.745521751931681,
      0.77540107142811
    ],
    "test_acc": [
      43.8,
      50.19,
      58.14,
      61.16,
      64.05,
      67.3,
      68.09,
      68.39,
      71.34,
      70.71,
      72.59,
      72.63,
      73.62,
      75.88,
      74.09,
      74.96,
      74.31
    ]
  }
}